Codon,amino_acid,mean_elongation_rate,median_elongation_rate
TGA,STOP,2.6,1.42
TAA,STOP,2.65,1.49
TAG,STOP,2.82,1.31
CGG,R,3.82,1.89
CGA,R,4.02,2.22
CCG,P,5.51,3.06
ACG,T,6.02,3.62
AGG,R,6.22,3.72
TGG,W,6.57,4.05
GGG,G,6.61,3.84
GCG,A,6.74,3.84
GCA,A,7.08,4.31
CAG,Q,7.15,4.2
GGA,G,7.24,4.41
GAG,E,7.32,4.71
CGC,R,7.4,4.28
TCG,S,7.69,4.92
ACA,T,7.74,5.03
ATA,I,7.79,5.07
GTG,V,7.84,4.96
TGC,C,8.1,5.08
CTG,L,8.21,5.14
GGC,G,8.34,4.83
AGC,S,8.5,5.43
CCC,P,8.64,5.63
AGA,R,8.82,6.01
CTC,L,9.15,6.33
GTA,V,9.75,6.78
TCA,S,9.8,6.74
GGT,G,9.82,6.88
GAA,E,9.87,6.94
GAC,D,9.87,6.75
TAC,Y,9.98,7.04
CCA,P,10.02,6.82
AAG,K,10.13,7.07
GAT,D,10.23,7.39
AGT,S,10.34,7.19
CTA,L,10.34,7.19
CGT,R,10.37,7.44
CAT,H,10.39,7.34
CCT,P,10.54,7.44
CAC,H,10.61,7.37
CTT,L,10.68,7.66
AAA,K,10.95,7.97
CAA,Q,10.99,8.01
ATG,M,11.03,8.02
TAT,Y,11.34,8.34
TGT,C,11.8,8.7
TTG,L,11.84,8.77
GCT,A,12.17,9.11
TTA,L,12.2,9.25
TCC,S,12.42,9.38
TTC,F,12.67,9.85
AAT,N,12.67,9.81
GTC,V,12.73,9.91
AAC,N,12.76,9.9
ATC,I,12.78,10.0
TTT,F,12.97,10.16
GCC,A,13.17,9.86
ACT,T,13.32,10.57
ACC,T,13.36,10.46
GTT,V,13.36,10.67
TCT,S,13.49,10.69
ATT,I,13.96,11.3
